Distance,Run1,Run2,Run3,Run4,Run5,Avg
7,91.000000,90.100000,81.900000,91.100000,90.200000,88.86
