Distance,Run1,Run2,Run3,Run4,Run5,Avg
15,56.500000,89.400000,89.700000,89.400000,90.000000,83
