Distance,Run1,Run2,Run3,Run4,Run5,Avg
10,86.100000,85.900000,85.900000,84.300000,83.400000,85.12
