Distance,Run1,Run2,Run3,Run4,Run5,Avg
2,92.700000,92.500000,90.500000,92.200000,91.100000,91.8
