Distance,Run1,Run2,Run3,Run4,Run5,Avg
5,92.300000,90.100000,80.900000,92.100000,90.200000,89.12
